system_id,sequence
P0A8W0,MGLMNAFDSQTEDSSPAIGRNLRSRPLARKKLSEMVEEELEQMIRRREFGEGEQLPSERELMAFFNVGRPSVREALAALKRKGLVQINNGERARVSRPSADTIIGELSGMAKDFLSHPGGIAHFEQLRLFFESSLVRYAAEHATDEQIDLLAKALEINSQSLDNNAAFIRSDVDFHRVLAEIPGNPIFMAIHVALLDWLIAARPTVTDQALHEHNNVSYQQHIAIVDAIRRHDPDEADRALQSHLNSVSATWHAFGQTTNKKK
P03047,SDKQKAINYLMQFAHKVSGKYRGVAKLEGNTKAKVLQVLATFAYADYCRSAATPGARCRDCHGTGRAVDIAKTKLWGRVVEKECGRCKGVGYSRMPASAAYRAVTMLIPNLTQPTWSRTVKPLYDALVVQCHKEESIADNILNAVTR
P06766,MSKRKAPQETLNGGITDMLVELANFEKNVSQAIHKYNAYRKAASVIAKYPHKIKSGAEAKKLPGVGTKIAEKIDEFLATGKLRKLEKIRQDDTSSSINFLTRVTGIGPSAARKLVDEGIKTLEDLRKNEDKLNHHQRIGLKYFEDFEKRIPREEMLQMQDIVLNEVKKLDPEYIATVCGSFRRGAESSGDMDVLLTHPNFTSESSKQPKLLHRVVEQLQKVRFITDTLSKGETKFMGVCQLPSENDENEYPHRRIDIRLIPKDQYYCGVLYFTGSDIFNKNMRAHALEKGFTINEYTIRPLGVTGVAGEPLPVDSEQDIFDYIQWRYREPKDRSE
P67701,MIAIADILQAGEKLTAVAPFLAGIQNEEQYTQALELVDHLLLNDPENPLLDLVCAKITAWEESAPEFAEFNAMAQAMPGGIAVIRTLMDQYGLTLSDLPEIGSKSMVSRVLSGKRKLTLEHAKKLATRFGISPALFID
Q18A65,SMASQGGDSGNSKQESNSKDKEVKKIGITQLVEHPALDATRTGFVKALEKNGFKDGENIDIDFQNAQNDMPTTQSIASKFASDKKDLIFAISTPSAQAAFNATKDIPILITAVSDPVAAGLVKTLEKPGTNVSGTSDFVSVDKGLELLKIFAPKAKTIGVMYNTSEVNSKVQVDALKEYASKNGFKVVEKGITTSNEVNQGISSLVGKIDVLYVPTDNLVASSMPIVSKIATENKIPVIAAESGPVEKGALACQGINYEKLGYKTGEMAVKILNGESVSDMPVATSDDTDIIVNEDILKALGMEKPSNENISYVKTKQE
B0F0C5,KPAPSTIFSPEKALGLLLSLKLSKWQYITLRETTIREGSKEIYPSYYKVQKAKLQCYPPKAFVAVTDSSAKIALQALLDLTVNRIFETIRSPDAIQNKQLILISKWGFDGASNQSRYKQNIESGQGDSSIFMTSLVPLKLTADGDTVWVNPKPCSPMYCRPVQFSFVKETKDVVINEKTAMDDEIEALVPSKCQGHEISHKLMMTMIDGKICTYLSEAKSNAACYLCLAKPTEMSKLDVIASKTISSGVYEFGLSTLHARINVMECLLHIAYRLDFKKWSARGEGHQELLHSRKKLIQDRFKDDLNLLIDIVKQGSGTTNDGNTARRFFEFPDKTAAITGLDEDLIRRFSVILQAITSGEIIDVPKFKEYARTTAEKYVELYDWYYMSSTVHKLLIHGGDIIAENAIVPIGSLSEEASEARNKDFRRFREHHSRKKSRQASNEDILNMLIISSDPLISFTRPKLDAHKRQTYFKETVELLQLQDQEAPTEFHHHHHH
P71447,MFKAVLFDLDGVITDTAEYHFRAWKALAEEIGINGVDRQFNEQLKGVSREDSLQKILDLADKKVSAEEFKELAKRKNDNYVKMIQDVSPADVYPGILQLLKDLRSNKIKIALASASKNGPFLLERMNLTGYFDAIADPAEVAASKPAPDIFIAAAHAVGVAPSESIGLEDSQAGIQAIKDSGALPIGVGRPEDLGDDIVIVPDTSHYTLEFLKEVWLQKQK
P28366,MLGILNKMFDPTKRTLNRYEKIANDIDAIRGDYENLSDDALKHKTIEFKERLEKGATTDDLLVEAFAVVREASRRVTGMFPFKVQLMGGVALHDGNIAEMKTGEGKTLTSTLPVYLNALTGKGVHVVTVNEYLASRDAEQMGKIFEFLGLTVGLNLNSMSKDEKREAYAADITYSTNNELGFDYLRDNMVLYKEQMVQRPLHFAVIDEVDSILIDEARTPLIISGQAAKSTKLYVQANAFVRTLKAEKDYTYDIKTKAVQLTEEGMTKAEKAFGIDNLFDVKHVALNHHINQALKAHVAMQKDVDYVVEDGQVVIVDSFTGRLMKGRRYSEGLHQAIEAKEGLEIQNESMTLATITFQNYFRMYEKLAGMTGTAKTEEEEFRNIYNMQVVTIPTNRPVVRDDRPDLIYRTMEGKFKAVAEDVAQRYMTGQPVLVGTVAVETSELISKLLKNKGIPHQVLNAKNHEREAQIIEEAGQKGAVTIATNMAGRGTDIKLGEGVKELGGLAVVGTERHESRRIDNQLRGRSGRQGDPGITQFYLSMEDELMRRFGAERTMAMLDRFGMDDSTPIQSKMVSRAVESSQKRVEGNNFDSRKQLLQYDDVLRQQREVIYKQRFEVIDSENLREIVENMIKSSLERAIAAYTPREELPEEWKLDGLVDLINTTYLDEGALEKSDIFGKEPDEMLELIMDRIITKYNEKEEQFGKEQMREFEKVIVLRAVDSKWMDHIDAMDQLRQGIHLRAYAQTNPLREYQMEGFAMFEHMIESIEDEVAKFVMKAEIENNLEREEVVQGQTTAHQPQEG
P23847,KTLVYCSEGSPEGFNPQLFTSGTTYDASSVPLYNRLVEFKIGTTEVIPGLAEKWEVSEDGKTYTFHLRKGVKWHDNKEFKPTRELNADDVVFSFDRQKNAQNPYHKVSGGSYEYFEGMGLPELISEVKKVDDNTVQFVLTRPEAPFLADLAMDFASILSKEYADAMMKAGTPEKLDLNPIGTGPFQLQQYQKDSRIRYKAFDGYWGTKPQIDTLVFSITPDASVRYAKLQKNECQVMPYPNPADIARMKQDKSINLMEMPGLNVGYLSYNVQKKPLDDVKVRQALTYAVNKDAIIKAVYQGAGVSAKNLIPPTMWGYNDDVQDYTYDPEKAKALLKEAGLEKGFSIDLWAMPVQRPYNPNARRMAEMIQADWAKVGVQAKIVTYEWGEYLKRAKDGEHQTVMMGWTGDNGDPDNFFATLFSCAASEQGSNYSKWCYKPFEDLIQPARATDDHNKRVELYKQAQVVMHDQAPALIIAHSTVFEPVRKEVKGYVVDPLGKHHFENVSIE
P0DP23,ADQLTEEQIAEFKEAFSLFDKDGDGTITTKELGTVMRSLGQNPTEAELQDMINEVDADGDGTIDFPEFLTMMARKMKDTDSEEEIREAFRVFDKDGNGYISAAELRHVMTNLGEKLTDEEVDEMIREADIDGDGQVNYEEFVQMMTAK
A0A075Q0W3,GHMTQAVEAGEKTVEQFVQALNKGDYNKAAEMTSKKAANKSALSEKEILDKYQNIYGAADVKGLQISNLKVDKKDDSTYSFSYKAKMNTSLGELKDLSYKGTLDRNDGQTTINWQPNLVFPEMEGNDKVSLTTQEAARGNIIDRNGEPLATTGKLKQLGVVPSKLGDGGEKTANIKAIASSFDLTEDAINQAISQSWVQPDYFVPLKIIDGATPELPAGATIQEVDGRYYPLGEAAAQLIGYVGDITAEDIDKNPELSSNGKIGRSGLEMAFDKDLRGTTGGKLSITDADGVEKKVLIEHEVQNGKDIKLTIDAKAQKTAFDSLGGKAGSTVATTPKTGDLLALASSPSYDPNKMTNGISQEDYKAYEENPEQPFISRFATGYAPGSTFKMITAAIGLDNGTIDPNEVLTINGLKWQKDSSWGSYQVTRVSDVSQVDLKTALIYSDNIYTAQETLKMGEKKFRTGLDKFIFGEDLDLPISMNPAQISNEDSFNSDILLADTGYGQGELLINPIQQAAMYSVFANNGTLVYPKLIADKETKDKKNVIGETAVQTIVPDLREVVQDVNGTAHSLSALGIPLAAKTGTAEIKEKQDVKGKENSFLFAFNPDNQGYMMVSMLENKEDDDSATKRASELLQYLNQNYQ
Q83VS8,MKVLVNHEQAYNVIINAINDAKKLTDYKTNNQWVSIQNVILGTHLTYRYILITGLLAKATDPRVNPLALQANAPVDGAYDARSLCHSVIVGKVEGPFLEGKLGASNEPFLNKPARYMLHSSDNPVRRGNDKVLQQLSIDILHAATTQTLAYEMLVIALYFTLQRTNRVITPNSINFDFHKIIYNIISHPCDGETCAIAAAISLHLLGEQRGWIIKAHPVNQAGSSSKEILDIDVYHDDIVFLSIEVKDKPFNYQDVNHAVSKASASGISKVIFLKGPRATNLDIDESLAIENAATKGVSLSFSDVMTFTTTCYALSPLLSNDRIIDFINNTLKDIRAKDSTIEYIQSIFKN
P0AEQ3,ADKKLVVATDTAFVPFEFKQGDLYVGFDVDLWAAIAKELKLDYELKPMDFSGIIPALQTKNVDLALAGITITDERKKAIDFSDGYYKSGLLVMVKANNNDVKSVKDLDGKVVAVKSGTGSVDYAKANIKTKDLRQFPNIDNAYMELGTNRADAVLHDTPNILYFIKTAGNGQFKAVGDSLEAQQYGIAFPKGSDELRDKVNGALKTLRENGTYNEIYKKWFGTEPK
A2RJ53,MGSNQSSSTSTKKLKAGNFDVAYQNPDKAIKGGNLKVAYQSDSPMKAQWLSGLSNDATFATMSGPGGGQDGLFFTDSGFKFIKGGAADVALDKESKTATITLRKDLKWSDGSEVTAKDYEFTYETIANPAYGSDRWTDSLANIVGLSDYHTGKAKTISGITFPDGENGKVIKVQFKEMKPGMTQSGNGYFLETVAPYQYLKDVAPKDLASSPKTTTKPLVTGPFKPENVVAGESIKYVPNPYYWGEKPKLNSITYEVVSTAKSVAALSSSKYDIINGMVSSQYKQVKNLKGYKVLGQQAMYISLMYYNLGHYDAKNSINVQDRKTPLQDQNVRQAIGYARNVAEVDNKFSNGLSTPANSLIPPIFKQFTSSSVKGYEKQDLDKANKLLDEDGWKLNKSTGYREKDGKELSLVYAARVGDANAETIAQNYIQQWKKIGVKVSLYNGKLMEFNSWVDHMTTPPGANDWDITDGSWSLASEPSQQDLFSAAAPYNFGHFNDSEITKDLNDIDSAKSENPTYRKAAFVKYQEDMNKKAYVIPTNFMLNYTPVNKRVVGMTLDYGAMNTWSEIGVSSAKLATKGSIEGRHHHHHH
Q5F9M1,MGHHHHHHHHHHSSGHIDDDDKHMAAAGGSEGGSGASSAPAQSAISGSLIERINNKGTVTVGTEGTYAPFTYHDKDGKLTGYDVEVTRAVAEKLGVKVEFKETQWDSMMAGLKAGRFDVVANQVGLTSPERQATFDKSEPYSWSGAVLVAHNDSNIKSIADIKGVKTAQSLTSNYGEKAKAAGAQLVPVDGLAQSLTLIEQKRADATLNDELAVLDYLKKNPNAGVKIVWSAPADEKVGSGLIVNKGNDEAVAKFSTAINELKADGTLKKLGEQFFGKDISVQ
P33284,MVRLGPKKPPARKGSMADVPANLMEQIHGLETLFTVSSEKMRSIVKHFISELDKGLSKKGGNIPMIPGWVVEYPTGKETGDFLALDLGGTNLRVVLVKLGGNHDFDTTQNKYRLPDHLRTGTSEQLWSFIAKCLKEFVDEWYPDGVSEPLPLGFTFSYPASQKKINSGVLQRWTKGFDIEGVEGHDVVPMLQEQIEKLNIPINVVALINDTTGTLVASLYTDPQTKMGIIIGTGVNGAYYDVVSGIEKLEGLLPEDIGPDSPMAINCEYGSFDNEHLVLPRTKYDVIIDEESPRPGQQAFEKMTSGYYLGEIMRLVLLDLYDSGFIFKDQDISKLKEAYVMDTSYPSKIEDDPFENLEDTDDLFKTNLNIETTVVERKLIRKLAELVGTRAARLTVCGVSAICDKRGYKTAHIAADGSVFNRYPGYKEKAAQALKDIYNWDVEKMEDHPIQLVAAEDGSGVGAAIIACLTQKRLAAGKSVGIKGE
P02911,ALPQTVRIGTDTTYAPFSSKDAKGEFIGFDIDLGNEMCKRMQVKCTWVASDFDALIPSLKAKKIDAIIASLSITDKRQQEIAFSDKLYAADSRLIAAKGSPIQPTLESLKGKHVGVLQGSTQEAYANDNWRTKGVDVVAYANQDLIYSDLTAGRLDAALQDEVAASEGFLKQPAGKEYAFAGPSVKDKKYFGDGTGVGLRKDDTELKAAFDKALTELRQDGTYDKMAKKYFDFNVYGD
P37487,MEKILIFGHQNPDTDTICSAIAYADLKNKLGFNAEPVRLGQVNGETQYALDYFKQESPRLVETAANEVNGVILVDHNERQQSIKDIEEVQVLEVIDHHRIANFETAEPLYYRAEPVGCTATILNKMYKENNVKIEKEIAGLMLSAIISDSLLFKSPTCTDQDVAAAKELAEIAGVDAEEYGLNMLKAGADLSKKTVEELISLDAKEFTLGSKKVEIAQVNTVDIEDVKKRQAELEAVISKVVAEKNLDLFLLVITDILENDSLALAIGNEAAKVEKAFNVTLENNTALLKGVVSRKKQVVPVLTDAMAE
P0205,KDTIALVVSTLNNPFFVSLKDGAQKEADKLGYNLVVLDSQNNPAKELANVQDLTVRGTKILLINPTDSDAVGNAVKMANQANIPVITLDRQATKGEVVSHIASDNVLGGKIAGDYIAKKAGEGAKVIELQGIAGTSAARERGEGFQQAVAAHKFNVLASQPADFDRIKGLNVMQNLLTAHPDVQAVFAQNDEMALGALRALQTAGKSDVMVVGFDGTPDGEKAVNDGKLAATIAQLPDQIGAKGVETADKVLKGEKVQAKYPVDLKLVVKQ
P69441,MRIILLGAPGAGKGTQAQFIMEKYGIPQISTGDMLRAAVKSGSELGKQAKDIMDAGKLVTDELVIALVKERIAQEDCRNGFLLDGFPRTIPQADAMKEAGINVDYVLEFDVPDELIVDRIVGRRVHAPSGRVYHVKFNPPKVEGKDDVTGEELTTRKDDQEETVRKRLVEYHQMTAPLIGYYSKEAEAGNTKYAKVDGTKPVAEVRADLEKILG
A0A0H3AFX3,KAFKAQAKEAQQLRERAYLDPVSHLGNRAYYMSQLSGWLSESGIGGVAILQAEFIKELYEEKGYEAGDGMVRELADRLKNSITIKDISIARISTYEFGIIMPNMDETELKIVAESIITCVDDINPDPTGMAKANLSLGVVSNKRQSSTTTLLSLLDNALAKAKSNPELNYGFISSDTDKIILGKQQWKTLVEEAIHNDWFTFRYQAANSSWGKTFHREVFSAFEKDGVRYTANQFLFALEQLNASHIFDQYVIERVIQQLEKGELTDPLAINIAQGSISQPSFIRWISQTLSKHLSVANLLHFEIPEGCFVNEPHYTALFCNAVRNAGADFGVDNYGRNFQSLDYINEFRPKYVKLDYLFTHHLDDERQKFTLTSISRTAHNLGITTIASRVETQTQLDFLSEHFIEVFQGFIVDKAA
P24182,MLDKIVIANRGEIALRILRACKELGIKTVAVHSSADRDLKHVLLADETVCIGPAPSVKSYLNIPAIISAAEITGAVAIHPGYGFLSENANFAEQVERSGFIFIGPKAETIRLMGDKVSAIAAMKKAGVPCVPGSDGPLGDDMDKNRAIAKRIGYPVIIKASGGGGGRGMRVVRGDAELAQSISMTRAEAKAAFSNDMVYMEKYLENPRHVEIQVLADGQGNAIYLAERDCSMQRRHQKVVEEAPAPGITPELRRYIGERCAKACVDIGYRGAGTFEFLFENGEFYFIEMNTRIQVEHPVTEMITGVDLIKEQLRIAAGQPLSIKQEEVHVRGHAVECRINAEDPNTFLPSPGKITRFHAPGGFGVRWESHIYAGYTVPPYYDSMIGKLICYGENRDVAIARMKNALQELIIDGIKTNVDLQIRIMNDENFQHGGTNIHYLEKKLGLQEK
O76728,MQTERGPIAAHRPHEVVFGKVEGEDRGANPMDPPRRRVDPLFWLRDDNRADPEVLAHLHLEKDYYEKRAVDIKDLAETIYQEHISHIEETDMSAPYVYDRFLYYTRDVKGLSYKLHCRVPAGKTPGEGEDEEIVLDENKLAEGKSFCVVGCVAPAPPEHALVAYSVDYCGDEVYSIRFVRDVVADKVEGTNGSVVWGPNAECFFYITKDASKRDNKVWRHIIGQPQSEDVCLYTDDDPLFSVGVGRSGDGKTLIICSMSSETSESHLLDLRKGVKHNTLEMVRPREKGVRYTVEMHGTDTLIVLTNKDKCVNGKVVLTKRSAPTDWGTVLIPHDDKVTIDDVAVFAKFAVLSGRRDGLTRVWTVRLGPDNLFSSATLKELHFDEPVFTAHVVCSQMKTYDASLLRLRYSSMTTPTVWYDEDVLSGERKVVKARKVGGGFESKNYVCRRELATAPDGTKVPISLVYDTSIDLKKPNPTMLYGYGSYGICIEPEFNSRFLPYVDRGMIYAIAHVRGGGEMGRTWYEVGGKYLTKRNTFMDFIACAEHLISSGLTTPAQLSCEGRSAGGLLVGAVLNMRPDLFHVALAGVPFVDVMTTMCDPSIPLTTGEWEEWGNPNEYKFFDYMNSYSPIDNVRAQDYPHLMIQAGLHDPRVAYWEPAKWASKLRELKTDSNEVLLKMDLESGHFSASDRYKYLRENAIQQAFVLKHLNVRQLLRK
P00558,MSLSNKLTLDKLDVKGKRVVMRVDFNVPMKNNQITNNQRIKAAVPSIKFCLDNGAKSVVLMSHLGRPDGVPMPDKYSLEPVAVELKSLLGKDVLFLKDCVGPEVEKACANPAAGSVILLENLRFHVEEEGKGKDASGNKVKAEPAKIEAFRASLSKLGDVYVNDAFGTAHRAHSSMVGVNLPQKAGGFLMKKELNYFAKALESPERPFLAILGGAKVADKIQLINNMLDKVNEMIIGGGMAFTFLKVLNNMEIGTSLFDEEGAKIVKDLMSKAEKNGVKITLPVDFVTADKFDENAKTGQATVASGIPAGWMGLDCGPESSKKYAEAVTRAKQIVWNGPVGVFEWEAFARGTKALMDEVVKATSRGCITIIGGGDTATCCAKWNTEDKVSHVSTGGGASLELLEGKVLPGVDALSNI
P40131,MQTLKRGFAVAALLFSPLTMAQDINAQLTTWFSQRLAGFSDEVVVTLRSSPNLLPSCEQPAFSMTGSAKLWGNVNVVARCANEKRYLQVNVQATGNYVAVAAPIARGGKLTPANVTLKRGRLDQLPPRTVLDIRQIQDAVSLRDLAPGQPVQLTMIRQAWRVKAGQRVQVIANGEGFSVNAEGQAMNNAAVAQNARVRMTSGQIVSGTVDSDGNILINL
Q7DAU8,MIDLAIGQVPIANWVSSATDWITSTFSSGFDVIQKSGTVLMNGITGALTAVPFWLMIAVVTILAILVSGKKIAFPLFTFIGLSLIANQGLWSDLMSTITLVLLSSLLSIIIGVPLGIWMAKSDLVAKIVQPILDFMQTMPGFVYLIPAVAFFGIGVVPGVFASVIFALPPTVRMTNLGIRQVSTELVEAADSFGSTARQKLFKLEFPLAKGTIMAGVNQTIMLALSMVVIASMIGAPGLGRGVLAAVQSADIGKGFVSGISLVILAIIIDRFTQKLNVSPLEKQGNPTVKKWKRGIALVSLLALIIGAFSGMSFGKTASDKKVDLVYMNWDSEVASINVLTQAMKEHGFDVKTTALDNAVAWQTVANGQADGMVSAWLPNTHKTQWQKYGKSVDLLGPNLKGAKVGFVVPSYMNVNSIEDLTNQANKTITGIEPGAGVMAASEKTLNSYDNLKDWKLVPSSSGAMTVALGEAIKQHKDIVITGWSPHWMFNKYDLKYLADPKGTMGTSENINTIVRKGLKKENPEAYKVLDKFNWTTKDMEAVMLDIQNGKTPEEAAKNWIKDHQKEVDKWFK
P21589,MCPRAARAPATLLLALGAVLWPAAGAWELTILHTNDVHSRLEQTSEDSSKCVNASRCMGGVARLFTKVQQIRRAEPNVLLLDAGDQYQGTIWFTVYKGAEVAHFMNALRYDAMALGNHEFDNGVEGLIEPLLKEAKFPILSANIKAKGPLASQISGLYLPYKVLPVGDEVVGIVGYTSKETPFLSNPGTNLVFEDEITALQPEVDKLKTLNVNKIIALGHSGFEMDKLIAQKVRGVDVVVGGHSNTFLYTGNPPSKEVPAGKYPFIVTSDDGRKVPVVQAYAFGKYLGYLKIEFDERGNVISSHGNPILLNSSIPEDPSIKADINKWRIKLDNYSTQELGKTIVYLDGSSQSCRFRECNMGNLICDAMINNNLRHTDEMFWNHVSMCILNGGGIRSPIDERNNGTITWENLAAVLPFGGTFDLVQLKGSTLKKAFEHSVHRYGQSTGEFLQVGGIHVVYDLSRKPGDRVVKLDVLCTKCRVPSYDPLKMDEVYKVILPNFLANGGDGFQMIKDELLRHDSGDQDINVVSTYISKMKVIYPAVEGRIKFSTGSHCHGSFSLIFLSLWAVIFVLYQ
A0QTT2,MSDIKRGSVARNAKLAGLAGGMAGRAALGFGKRLTGKSKDEVTAELMDKAAQQLFTVLGELKGGAMKVGQALSVMEAAIPEQYGKPYREALTKLQKDAPPLPAAKVHRVLDAQLGTKWRDRFSSFDDKPVASASIGQVHKGIWSDGREVAVKIQYPGADEALRADLKTIQRLVGVFKQLAPGADIQGVVDELTERTEMELDYRLEADNQRAFAKAYRNDPHFAVPAIIASAPKVVISEWMEGIPMSVIIREGTPEQRDLMGTRLTELTFGAPARLEMMHGDAHPGNFMLLPDGRMGVIDFGAVAPLPGGFPTSLGETIRLARDKNYDELLPTMERAGFLQKGQEVSIEEVEDMLRQYVDPIKVDVFHYNRKWLQKMAASQMDNSVAQIKMARSLDLPANLAIPLRVIASTVAICCQLDAHVPVKVIATELVPGFAEEAA
Q9X6R4,MSGKARLHYPVTRQGEQVDHYFGQAVADPYRWLEDDRSPETEAWVKAQNAVTQDYLAQIPYRAAIKEKLAASWNYAKEGAPFREGRYHYFFKNDGLQNQNVLWRQKEGKPAEVFLDPNTLSPDGTTALDQLSFSRDGRILAYSLSLAGSDWREIHLMDVESKQPLETPLKDVKFSGISWLGNEGFFYSSYDKPDGSELSARTDQHKVYFHRLGTAQEDDRLVFGAIPAQHHRYVGATVTEDDRFLLISAANSTSGNRLYVKDLSQENAPLLTVQGDLDADVSLVDNKGSTLYLLTNRDAPNRRLVTVDAANPGPAHWRDLIPERHRVLTVHSGTAYLFAEYMVDATAPVEQFDYEGKRVREVALPGLGSVSGFNGKHDDPALYFGFENYAQPPTLYRFEPKSGAISLYRASAAPFKPEDYVSEQRFYQSKDGTRVPLIISYRKGLKLDGSNPTILYGYGGFDVSLTPSFSVSVANWLDLGGVYAVANLRGGGEYGQAWHLAGTQQNKQNVFDDFIAAAEYLKAEGYTRTDRLAIRGGSNGGLLVGAVMTQRPDLMRVALPAVGVLDMLRYHTFTAGAGWAYDYGTSADSEAMFDYLKGYSPLHNVRPGVSYPSTMVTTADHDDRVVPAHSFKFAATLQADNAGPHPQLIRIETNAGHGAGTPVAKLIEQSADIYAFTLYEMGYRELPRQP
Q9ERE7,MAASRWLRAVLLFLCASDLLLLPPPNAYAADTPGEATPPPRKKKDIRDYNDADMARLLEQWEKDDDIEEGDLPEHKRPSAPIDFSKLDPGKPESILKMTKKGKTLMMFVTVSGNPTEKETEEITSLWQGSLFNANYDVQRFIVGSDRAIFMLRDGSYAWEIKDFLVSQDRCAEVTLEGQMYPGKGGGSKEKNKTKPEKAKKKEGDPKPRASKEDNRAGSRREDL
P62495,MADDPSAADRNVEIWKIKKLIKSLEAARGNGTSMISLIIPPKDQISRVAKMLADEFGTASNIKSRVNRLSVLGAITSVQQRLKLYNKVPPNGLVVYCGTIVTEEGKEKKVNIDFEPFKPINTSLYLCDNKFHTEALTALLSDDSKFGFIVIDGSGALFGTLQGNTREVLHKFTVDLPKKHGRGGQSALRFARLRMEKRHNYVRKVAETAVQLFISGDKVNVAGLVLAGSADFKTELSQSDMFDQRLQSKVLKLVDISYGGENGFNQAIELSTEVLSNVKFIQEKKLIGRYFDEISQDTGKYCFGVEDTLKALEMGAVEILIVYENLDIMRYVLHCQGTEEEKILYLTPEQEKDKSHFTDKETGQEHELIESMPLLEWFANNYKKFGATLEIVTDKSQEGSQFVKGFGGIGGILRYRVDFQGMEYQGGDDEFFDLDDY
Q9Z4N6,MKKTLSALAIAAATFTSTSTLAANEVNVYSYRQPYLIEPMLKNFEKDTGIKVNIIFADKGLVDRVKQEGELSPADVLLTVDISRVMEIVNADLAQKIDSKVLEKNIPAQFRDSNDQWFGLTTRARVIYTSKDRVGKLPAGFDYLDLAKPEYKGKVCVRSGKNSYNVSLFAAMIEHYGIEKTKAFLEGLKANLARKPQGGDRDQVKAIKEGICDYSIGNSYYYGKMLDDEKQKSWAEAAIINFPSGEHGTHKNISGVVIAKHSPNKANAVKLIEYLSGEKAQGLYAELNHEYPVKEGIEPSAIVKGWGTFKSDTIKLEDIAKNYEAALKLVDEVKFDDFSEKK
A6UVT1,MKVAILGAGCYRSHAACGITNFSRAAEVANKVGIPEITMTHSTITMGAELLHLVDEIDEVVVSDPCFAEEPGLIIIDEFDCKEVMEAHLAGKAEDVMPAIRDAVKAKAKDSPKPPKGCIHFVNPEKVGLKVTSDDREAIEGADIVITWLPKGGSQPAIIEKFVDAIKEGAIVTHACTIPTPKFAKIFKDLGREDLNIVSFHPGCVPEMKGQVYLSEGYASEEAVEKLYKIAKISRGTAFKMPANLISPVCDMGSAVTAPVYAAILSYRDAVTNILGAPADFAQMMADEAITQMLELMRNEGIQNMENKLNPGALTGTADSMCFGPLSELLPASLKVLEEHKK
B7IE18,MSILFSSILFSIATFFSRILGLFRDVLFAKYFGVSYELDAYFIAIMFPFFLRKVFGEGAMSSAFVPLYSEKSGEEKDKFLSSVINGFSLIILALVILSYFFPELIINLFGAGSSHETKILAKKLLLITSPSIYFIFLWAISYSILNTNNKFFWPALTPSISNITIIIGTFLSTKYGIISPTIGFLIGSILMFFSIIKSIIKHKYYFTIKHFPHFLKLFFPTFMTMVVSQINTVVDMNVVSFYDKGSISYLQYASRFYLLPYGLFAVSVSTVVLSKISNDRKNFNYHLNDALKTTLFFTIPSMVGLIFLSTPIIRFFYEHGAFTSKDTLITSKILIAYTLGLPFYGIYSTISRSYHAIKNTKTPFIAATIVSLSNIILDIIFGLKYGPIGVALATSIAGIIGVLYLLFSVKTFPIKDFLKISLNSLIMLFVIYLTDFTDNEFWFLIQILIGILVYLIFSSIFYRDLIRRFLYARKK
B3EYN2,MKRRSLKGIALFLLIVAVCLSSATLGRGEEKHTGENVRQNQKVKDPQFTNVSVHDPSIVKDGDTYYIFGSHIEAAKSKDLMNWEKFTNGYTTPNNKLYGDLSKNLAGSFKWAGENDADSKGGFAVWAPDVFWNKDYVNEDGTKGAYMIYYSVSSTYIRSAIGYAVSKHIEGPYKYVDTIVYSGFTKEEAYDANSKINKKWTNTNIPKLIEQGKLKGVRADWFHNDGSYNNRDFPNAIDPNLFYDEKGNLWMAYGSWSGGIFVLPMDKTTGKPIYPGKDGKTPDGRLVDRYFGIKIAGGYYQSGEGTYIVYDKNTDYYYLYVTYGWLGADGGYNMRQFRSTSPTGPYVDAKGQSAVLPGEVDNSPYGNKIMGNFLFERKVGDPGTGIGVGYVSPGHNSVYLDRKTGQQFLVFHTRFPQSGEYHEVRVHQMFMNKNGWPVVAPYRYAGEKLEKVNKQDVVGEYQLINHGKDYSADIKKQIFVRLNRNNTISGDATGTWRKIGHNQAEITIDGETYDGVFVRQWDPTSKRYVMAFTALSNEGVSIWGSKLADKTDEEIVEDVASDLDLGDTDHVVSNLHLPTEGTRHTVISWTTSDAKVVSETGVVHRPEVGSAPVTATLTATITKGDATATKVFHITVLPYEEAKLTAHYSFDNNDLSDSTGNFGPGTITGNRIDNEGGTIAYADGKIGKAAVLNGQSGIRLPDGLVSSNQYSVSLWVKPEQLTTHTTTFFGAKDPNHWISLVPQGWDGNTMLWSGSSPWYDGRTFWKIPTGQWTHLAFSVDNGAVKVYINGVEKFSGTNFPDVFTGANASFALGVNWWDPPFKGLIDELRIYEGALTPSQVTDLAQTSE
Q53W80,MIKKALSSLLVLASLAFAQKTLEVWIMPNSPQPAEDFKALVAPFEKAHGVEVKVTVLDWGVAWTKITTAATSGVGPDLTQLGTTWVGAISAMGVLEPVDDVLEALGGEKAYLPAVWRTTRLEGARQATAVPWFSELRAFYYRTDALKAAGVNPAEMFASWQGFEAGLARLKASSFRDPETKAPLAPLCTPGKNSWDVLHNAAPWIWGAGGEIVRQAGGRWQSALNSPESLEGLYFFLSLAQKGYVPAESLEKNTAQIEADFQAGKCAVFASGPWMIQRAQVPEAKGGFAERTAAKNLGVAPYPAGPKGRYTFFGGSNLALFNFSKNKPLAKELLKYLGGPEAQVRYAQMTGMLPALRSAWSDPSFQQNPLLRTFIQAAQFGRTYPSLAGWGGVENLAVQHLGMAWDLVAQGRLTREALKDLMDKASAAINQALR
Q9SS90,MGGGNSKEESSSPSSSSWASHQSYPQYGPDSYNYPPPPTYAPAPSPAPAPAPVPAPSPASSYGPQYSQEGYASQPNNPPPPTYAPAPSPASSYGHQYSQEGYASAASQPNYPPPPSQSQVADRKKFDRRYSKISDNYSSLLQVSEALGRAGLESSNLIVGIDFTKSNEWTGAKSFNRKSLHHLSNTPNPYEQAITIIGRTLAAFDEDNLIPCYGFGDASTHDQDVFSFYPEGRFCNGFEEVLARYREIVPQLKLAGPTSFAPIIEMAMTVVEQSSGQYHVLVIIADGQVTRSVDTEHGRLSPQEQKTVDAIVKASTLPLSIVLVGVGDGPWDMMQEFDDNIPARAFDNFQFVNFTEIMSKNKDQSRKETEFALSALMEIPPQYKATIELNLLGVRNGNIPQRIPLPPPVQSGSSFSSSRIPNFEPSVPPYPFESKQMSSADDIQLCPICLSNPKNMAFGCGHQTCCECGPDLKVCPICRAPIQTRIKLY
Q9X9P9,MTESYDVVVVGGGPVGLATAWQVAERGHRVLVLERHTFFNENGGTSGAERHWRLQYTQEDLFRLTLETLPLWRALESRCERRLIHEIGSLWFGDTDVVTNEGQISGTAAMMDKLSVRYEWLKATDIERRFGFRGLPRDYEGFLQPDGGTIDVRGTLAALFTLAQAAGATLRAGETVTELVPDADGVSVTTDRGTYRAGKVVLACGPYTNDLLEPLGARLAYSVYEMAIAAYRQATPVTEAPFWFAFQQPTPQDTNLFYGFGHNPWAPGEFVRCGPDFEVDPLDHPSAATGVADRRQMDRLSGWLRDHLPTVDPDPVRTSTCLAVLPTDPERQFFLGTARDLMTHGEKLVVYGAGWAFKFVPLFGRICADLAVEDSTAYDISRLAPQSAL
