test_case,sequence
fs-3ifa_A-5et5_A,TDRSPFETDMLTLTRYVMEKGRQAKGTGELTQLLNSMLTAIKAISSAVRKAGLAHLYGIAGSVNVTGDQVKKLDVLSNSLVINMLQSSYSTCVLVSEENKDAIITAKEKRGKYVVCFDPLDGSSNIDCLASIGTIFAIYRKTSEDEPSEKDALQCGRNIVAAGYALYGSATLVALSTGQGVDLFMLDPALGEFVLVEKDVKIKKKGKIYSLNEGYAKYFDAATTEYVQKKKFPEDGSAPYGARYVGSMVADVHRTLVYGGIFLYPANQKSPKGKLRLLYECNPVAYIIEQAGGLATTGTQPVLDVKPEAIHQRVPLILGSPEDVQEYLTCVQKNQAGS
fs-4nc9_C-4n9w_A,GSGAMRIGMVCPYSFDVPGGVQSHVLQLAEVLRDAGHEVSVLAPASPHVKLPDYVVSGGKAVPIPYNGSVARLRFGPATHRKVKKWIAEGDFDVLHIHEPNAPSLSMLALQAAEGPIVATFHTSTTKSLTLSVFQGILRPYHEKIIGRIAVSDLARRWQMEALGSDAVEIPNGVDVASFADAPLLDGYPREGRTVLFLGRYDEPRKGMAVLLAALPKLVARFPDVEILIVGRGDEDELREQAGDLAGHLRFLGQVDDATKASAMRSADVYCAPHLGGESFGIVLVEAMAAGTAVVASDLDAFRRVLADGDAGRLVPVDDADGMAAALIGILEDDQLRAGYVARASERVHRYDWSVVSAQIMRVYETVSGAGIKVQVSGAANRDETAGESV
fs-4rwn_A-4rwq_B,MELRHTPARDLDKFIEDHLLPNTCFRTQVKEAIDIVCRFLKERCFQGTADPVRVSKVVKGGSSGKGTTLRGRSDADLVVFLTKLTSFEDQLRRRGEFIQEIRRQLEACQREQKFKVTFEVQSPRRENPRALSFVLSSPQLQQEVEFDVLPAFDALGQWTPGYKPNPEIYVQLIKECKSRGKEGEFSTCFTELQRDFLRNRPTKLKSLIRLVKHWYQTCKKTHGNKLPPQYALELLTVYAWEQGSRKTDFSTAQGFQTVLELVLKHQKLCIFWEAYYDFTNPVVGRCMLQQLKKPRPVILDPADPTGNVGGGDTHSWQRLAQEARVWLGYPCCKNLDGSLVGAWTMLQKIGSHHHHHH
fs-4y0m_J-4xws_D,GAMAQLAAPLKVGAIYTIGPYLFPHLIPQLHRVAPQMPLYIEENFTHILRDKLRTGELDAIIIALPFQEADVLTKPLFDEPFYVLMPADHPWTAKASIDSELLNDKSLLLLGEGHCFRDQVLEACPTVRKGDENKHTTVESSSLETIRHMVASGLGVSVLPFSAVDSHHYAPGVIEVRPFSAPVPFRTVAIAWRASFPRPRAIEVLADSIRLCSVARPQTQEQPQIA
fs-4zrb_C-4zrb_H,SNAMKDFHFDAISAFENYEIEKMRDGHVVVTTKVVNSSLNYYGNAHGGYLFTLCDQISGLVVISLGLDGVTLQSSINYLKAGKLDDVLTIKGECVHQGRTTCVMDVDITNQEGRNVCKATFTMFVTGQRSEERRVRI
fs-5l35_D-5l35_G,PNNLDSNVSQIVLKKFLPGFMSDLVLAKTVDRQLLAGEINSSTGDSVSFKRPHQFSSLRTPTGDISGQNKNNLISGKATGRVGNYITVAVEYQQLEEAIKLNQLEEILAPVRQRIVTDLETELAHFMMNNGALSLGSPNTPITKWSDVAQTASFLKDLGVNEGENYAVMDPWSAQRLADAQTGLHASDQLVRTAWENAQIPTNFGGIRALMSNGLASRTQGAFGGTLTVKTQPTVTYNAVKDSYQFTVTLTGATASVTGFLKAGDQVKFTNTYWLQQQTKQALYNGATPISFTATVTADANSDSGGDVTVTLSGVPIYDTTNPQYNSVSRQVEAGDAVSVVGTASQTMKPNLFYNKFFCGLGSIPLPKLHSIDSAVATYEGFSIRVHKYADGDANVQKMRFDLLPAYVCFNPHMGGQFFGNP
fs-2h44_A-1rkp_A,EETRELQSLAAAVVPSAQTLKITDFSFSDFELSDLETALCTIRMFTDLNLVQNFQMKHEVLCRWILSVKKNYRKNVAYHNWRHAFNTAQCMFAALKAGKIQNKLTDLEILALLIAALSHDLDHRGVNNSYIQRSEHPLAQLYCHSIMEHHHFDQCLMILNSPGNQILSGLSIEEYKTTLKIIKQAILATDLALYIKRRGEFFELIRKNQFNLEDPHQKELFLAMLMTACDLSAITKPWPIQQRIAELVATEFFDQGDRERKELNIEPTDLMNREKKNKIPSMQVGFIDAICLQLYEALTHVSEDCFPLLDGCRKNRQKWQALAEQQ
fs-2c1v_B-2c1u_C,ETEAIDNGALREEAKGVFEAIPEKMTAIKQTEDNPEGVPLTAEKIELGKVLFFDPRMSSSGLISCQTCHNVGLGGVDGLPTSIGHGWQKGPRNAPTMLNAIFNAAQFWDGRAADLAEQAKGPVQAGVEMSNTPDQVVKTINSMPEYVEAFKAAFPEEADPVTFDNFAAAIEQFEATLITPNSAFDRFLAGDDAAMTDQEKRGLQAFMETGCTACHYGVNFGGQDYHPFGLIAKPGAEVLPAGDTGRFEVTRTTDDEYVFRAAPLRNVALTAPYFHSGVVWELAEAVKIMSSAQIGTELTDQQAEDITAFLGTLTGEQPVIDHPILPVRTGTTPLPTPM
fs-4qhf_A-4qhh_A,MKDRKILNEILSNTINELNLNDKKANIKIKIKPLKRKIASISLTNKTIYINKNILPYLSDEEIRFILAHELLHLKYGKYHINEFEEELLFLFPNKEAILINLINKLHQKK
fs-5flu_E-2uy7_D,APTIPQGQGKVTFNGTVVDAPCSISQKSADQSIDFGQLSKSFLEAGGVSKPMDLDIELVNCDITAFKGGNGAKKGTVKLAFTGPIVNGHSDELDTNGGTGTAIVVQGAGKNVVFDGSEGDANTLKDGENVLHYTAVVKKSSAVGAAVTEGAFSAVANFNLTYQ
fs-5i2m_A-5i2s_A,KFTIVFPHNQKGNWKNVPSNYHYCPSSSDLNWHNDLIGTALQVKMPKSHKAIQADGWMCHASKWVTTCDFRWYGPKYITHSIRSFTPSVEQCKESIEQTKQGTWLNPGFPPQSCGYATVTDAEAVIVQVTPHHVLVDEYTGEWVDSQFINGKCSNYICPTVHNSTTWHSDYKVKGLCDSNLISMDITFFSEDGELSSLGKEGTGFRSNYFAYETGGKACKMQYCKHWGVRLPSGVWFEMADKDLFAAARFPECPEGSSISAPSQTSVDVSLIQDVERILDYSLCQETWSKIRAGLPISPVDLSYLAPKNPGTGPAFTIINGTLKYFETRYIRVDIAAPILSRMVGMISGTTTERELWDDWAPYEDVEIGPNGVLRTSSGYKFPLYMIGHGMLDSDLHLSSKAQVFEHPHIQDAASQLPDDES
fs-1jfk_A-2nxq_B,MAEALFKEIDVNGDGAVSYEEVKAFVSKKRAIKNEQLLQLIFKSIDADGNGEIDQNEFAKFYGSIQGQDLSDDKIGLKVLYKLMDVDGDGKLTKEEVTSFFKKHGIEKVAEQVMKADANGDGYITLEEFLEFSL
fs-4ow6_B-4ae0_A,GADDVVDSSKSFVMENFSSYHGTKPGYVDSIQKGIQKPKSGTQGNYDDDWKGFYSTDNKYDAAGYSVDNENPLSGKAGGVVKVTYPGLTKVLALKVDNAETIKKELGLSLTEPLMEQVGTEEFIKRFGDGASRVVLSLPFAEGSSSVEYINNWEQAKALSVELEINFETRGKRGQDAMYEYMAQACAGNRVRRSVGSSLSCINLDWDVIRDKTKTKIESLKEHGPIKNKMSESPNKTVSEEKAKQYLEEFHQTALEHPELSELKTVTGTNPVFAGANYAAWAVNVAQVIDSETADNLEKTTAALSILPGIGSVMGIADGAVHHNTEEIVAQSIALSSLMVAQAIPLVGELVDIGFAAYNFVESIINLFQVVHNSYNRPAYSPGHKTQPFLHDGYAVSWNTVEDSIIRTGFQGESGHDIKITAENTPLPIAGVLLPTIPGKLDVNKSKTHISVNGRKIRMRCRAIDGDVTFCRPKSPVYVGNGVHANLHVAFHRSSSEKIHSNEISSDSIGVLGYQKTVDHTKVNSKLSLFFEIKS
fs-4rmb_B-4rmb_A,RIMKLDDERQTETYITQINPEGKEMYFASGLGNLYTIIGSDGTSGSPVNLLNAEVKILKTNSKNLTDSMDQNYDSPEFEDVTSQYSYTNDGSKITIDWKTNSISSTTSYVVLVKIPKQSGVLYSTVSDINQTYGSKYSYGHTNISGDSDANAEIKLLSLEHHHHHH
fs-3kuy_A-5c3i_F,ARTKQTARKSTGGKAPRKQLATKAARKSAPATGGVKKPHRYRPGTVALREIRRYQKSTELLIRKLPFQRLVREIAQDFKTDLRFQSSAVMALQEASEAYLVALFEDTNLCAIHAKRVTIMPKDIQLARRIRGERA
