test_case,sequence
A5U30_003247,RRRYLTLVMIFITVVICYVDRANLAVASAHIQEEFGITKAEMGYVFSAFAWLYTLCQIPGGWFLDRVGSRVTYFIAIFGWSVATLFQGFATGLMSLIGLRAITGIFEAPAFPTNNRMVTSWFPEHERASAVGFYTSGQFVGLAFLTPLLIWIQEMLSWHWVFIVTGGIGIIWSLIWFKVYQPPRLTKGISKAELDYIRDGGGLVDGDAPVKKEARQPLTAKDWKLVFHRKLIGVYLGQFAVASTLWFFLTWFPNYLTQEKGITALKAGFMTTVPFLAAFVGVLLSGWVADLLVRKGFSLGFARKTPIICGLLISTCIMGANYTNDPMMIMCLMALAFFGNGFASITWSLVSSLAPMRLIGLTGGVFNFAGGLGGITVPLVVGYLAQGYGFAPALVYISAVALIGALSYILLVGDVKR
AAC3_out,FAINFLMGGVSAAIAKTAASPIERVKILIQNQDEMIKQGTLDKKYSGIVDCFKRTAKQEGLISFWRGNTANVIRYFPTQALNFAFKDKIKLMFGFKKEEGYGKWFAGNLASGGAAGALSLLFVYSLDFARTRLAADAKSSKKGGARQFNGLTDVYKKTLKSDGIAGLYRGFMPSVVGIVVYRGLYFGMFDSLKPLVLTGSLDGSFLASFLLGWVVTTGASTCSYPLDTVRRRMMMTSGQAVKYNGAIDCLKKIVASEGVGSLFKGCGANILRSVAGAGVISMYDQLQMILF
CYME_CMD148C_out,ASGPESAYTTGVTARRIFALAWSSSATMIVIGFIASILEVATLPAFAIVFGRMFQVFTKSKSQIEGETWKYSVGFVGIGVFEFIVAGSRTALFGIASERLARDLRVAAFSNLVEQDVTYFDRRKAGELGGKLNNDVQVIQYSFSKLGAVLFNLAQCVVGIIVAFIFAPALTGVLIALSPLVVLAGAAQMIEMSGNTKRSSEAYASAGSVAAEVFSNIRTTKAFEAERYETQRYGSKLDPLYRLGRRRYISDGLFFGLSMLVIFCVYALALWWGGQLIARGSLNLGNLLTAFFSAILGFMGVGQAAQVWPDVTRGLGAGGELFAMIDRVPQYRRPDPGAEVVTQPLVLKQGIVFENVHFRYPTRMNVEVLRGISLTIPNGKTVAIVGGSGAGKSTIIQLLMRFYDIEPQGGGLLLFDGTPAWNYDFHALRSQIGLVSQEPVLFSGTIRDNILYGKRDATDEEVIQALREANAYSFVMALPDGLDTEVGERGLALSGGQKQRIAIARAILKHPTLLCLDESTSALDAESEALVQEALDRMMASDGVTSVVIAHRLSTVARADLILVMQDGVVVEQGNHSELMALGPSGFYYQLVEKQLASGDMSAAGRDYKDDDDKHHHHHH
MFSD2A_out,QLSICNKLCYAVGGAPYQLTGCALGFFLHIYLLDVAKVEPLPASIILFVGRAWDAFTDPLVGFCISKSSWTRLGRLMPWIIFSTPLAIIAYFLIWFVPDFPSGTESSHGFLWYLLFYCLFETLVTCFHVPYSALTMFISTEQSERDSATAYRMTVEVLGTVIGTAIQGQIVGQAKAPCLQDQNGSVVVSEVANRTQSTASLKDTQNAYLLAAGIIASIYVLCAFILILGVREQRELYESQQAESMPFFQGLRLVMGHGPYVKLIAGFLFTSLAFMLVEGNFALFCTYTLDFRNEFQNLLLAIMLSATFTIPIWQWFLTRFGKKTAVYIGISSAVPFLILVALMERNLIVTYVVAVAAGVSVAAAFLLPWSMLPDVIDDFHLKHPHSPGTEPIFFSFYVFFTKFASGVSLGVSTLSLDFANYQRQGCSQPEQVKFTLKMLVTMAPIILILLGLLLFKLYPIDEEKRRQNKKALQ
PF0708,MSEKTTKGVQLLRGDPKKAIVRLSIPMMIGMSVQTLYNLADGIWVSGLGPESLAAVGLFFPVFMGIIALAAGLGVGTSSAIARRIGARDKEGADNVAVHSLILSLILGVTITITMLPAIDSLFRSMGAKGEAVELAIEYARVLLAGAFIIVFNNVGNGILRGEGDANRAMLAMVLGSGLNIVLDPIFIYTLGFGVVGAAYATLLSMVVTSLFIAYWLFVKRDTYVDITLRDFSPSREILKDILRVGLPSSLSQLSMSIAMFFLNSVAITAGGENGVAVFTSAWRITMLGIVPILGMAAATTSVTGAAYGERNVEKLETAYLYAIKIAFMIELAVVAFIMLFAPQVAYLFTYSESAQVIKGDLISALRTLPVFLVLTPFGMMTSAMFQGIGEGEKSLILTIFRTLVMQVGFAYIFVHYTTLGLRGVWIGIVIGNMVAAIVGFLWGRMRISALKKTSATGGKR
SLC1A1_out,KNNWVLLSTVAAVVLGITTGVLVREHSNLSTLEKFYFAFPGEILMRMLKLIILPLIISSMITGVAALDSNVSGKIGLRAVVYYFCTTLIAVILGIVLVVSIKPGVTQKVGEIARTGSTPEVSTVDAMLDLIRNMFPENLVQACFQQYKTKREEVKPPSDPEMNMTEESFTAVMTTAISKNKTKEYKIVGMYSDGINVLGLIVFCLVFGLVIGKMGEKGQILVDFFNALSDATMKIVQIIMCYMPLGILFLIAGKIIEVEDWEIFRKLGLYMATVLTGLAIHSIVILPLIYFIVVRKNPFRFAMGMAQALLTALMISSSSATLPVTFRCAEENNQVDKRITRFVLPVGATINMDGTALYEAVAAVFIAQLNDLDLGIGQIITISITATSASIGAAGVPQAGLVTMVIVLSAVGLPAEDVTLIIAVDWLLDRFRTMVNVLGDAFGTGIVEKLSKKELEQMDV
TM_0287,GPSGSGGGGGSKTLARYLKPYWIFAVLAPLFMVVEVICDLSQPTLLARIVDEGIARGDFSLVLKTGILMLIVALIGAVGGIGCTVFASYASQNFGADLRRDLFRKVLSFSISNVNRFHTSSLITRLTNDVTQLQNLVMMLLRIVVRAPLLFVGGIVMAVSINVKLSSVLIFLIPPIVLLFVWLTKKGNPLFRKIQESTDEVNRVVRENLLGVRVVRAFRREEYENENFRKANESLRRSIISAFSLIVFALPLFIFIVNMGMIAVLWFGGVLVRNNQMEIGSIMAYTNYLMQIMFSLMMIGNILNFIVRASASAKRVLEVLNEKPAIEEADNALALPNVEGSVSFENVEFRYFENTDPVLSGVNFSVKPGSLVAVLGETGSGKSTLMNLIPRLIDPERGRVEVDELDVRTVKLKDLRGHISAVPQETVLFSGTIKENLKWGREDATDDEIVEAAKIAQIHDFIISLPEGYDSRVERGGRNFSGGQKQRLSIARALVKKPKVLILDDCTSSVDPITEKRILDGLKRYTKGCTTFIITQKIPTALLADKILVLHEGKVAGFGTHKELLEHCKPYREIYESQFGNGVMNDA
TT_C0976,RSAAPLLRRLWPYVGRYRWRYLWAVLAGLVSIFFFVLTPYFLRLAVDAVQAGRGFGVYALAIVASAALSGLLSYAMRRLAVVASRQVEYDLRRDLLHHLLTLDRDFYHKHRVGDLMNRLNTDLSAVREMVGPGILMGSRLSFLVLLAFLSMYAVNARLAFYLTLILPGIFLAMRFLLRLIDRRYREAQEVFDRISTLAQEAFSGIRVVKGYALERRMVAWFQDLNRLYVEKSLALARVEGPLHALLGFLMGFAFLTVLWAGGAMVVRGELSVGELVQFNAYLAQLTWPILGLGWVMALYQRGLTSLRRLFELLDEKPAIRDEDPLPLALEDLSGEVRFEGVGLKRDGRWLLRGLTLTIPEGMTLGITGRTGSGKSLLAALVPRLLDPSEGRVYVGGHEARRIPLAVLRKAVGVAPQEPFLFSETILENIAFGLDEVDRERVEWAARLAGIHEEILAFPKGYETVLGERGITLSGGQRQRVALARALAKRPKILILDDALSAVDAETEARILQGLKTVLGKQTTLLISHRTAALRHADWIIVLDGGRIVEEGTHESLLQAGGLYAEMDRLQKEV
mdfA,QALLFPLCLVLYEFSTYIGNDMIQPGMLAVVEQYQAGIDWVPTSMTAYLAGGMFLQWLLGPLSDRIGRRPVMLAGVVWFIVTCLAILLAQNIEQFTLLRFLQGISLCFIGAVGYAAIQESFEEAVCIKITALMANVALIAPLLGPLVGAAWIHVLPWEGMFVLFAALAAISFFGLQRAMPETATRIGEKLSLKELGRDYKLVLKNGRFVAGALALGFVSLPLLAWIAQSPIIIITGEQLSSYEYGLLQVPIFGALIAGNLLLARLTSRRTVRSLIIMGGWPIMIGLLVAAAATVISSHAYLWMTAGLSIYAFGIGLANAGLVRLTLFASDMSKGTVSAAMGMLQMLIFTVGIEISKHAWLNGGNGLFNLFNLVNGILWLSLMVIFLK
melB,MSISMTTKLSYGFGAFGKDFAIGIVYMYLMYYYTDVVGLSVGLVGTLFLVARIWDAINDPIMGWIVNATRSRWGKFKPWILIGTLTNSLVLFLLFSAHLFEGTAQVVFVCVTYILWGMTYTIMDIPFWSLVPTITLDKREREQLVPFPRFFASLAGFVTAGITLPFVSYVGGADRGFGFQMFTLVLIAFFIASTIVTLRNVHEVYSSDNGVTAGRPHLTLKTIVGLIYKNDQLSCLLGMALAYNIASNIINGFAIYYFTYVIGDADLFPYYLSYAGAANLLTLIVFPRLVKMLSRRILWAGASVMPVLSCAGLFAMALADIHNAALIVAAGIFLNIGTALFWVLQVIMVADTVDYGEFKLNIRCESIAYSVQTMVVKGGSAFAAFFIALVLGLIGYTPNVAQSAQTLQGMQFIMIVLPVLFFMMTLVLYFRYYRLNGDMLRKIQIHLL
murJ,MSILFSSILFSIATFFSRILGLFRDVLFAKYFGVSYELDAYFIAIMFPFFLRKVFGEGAMSSAFVPLYSEKSGEEKDKFLSSVINGFSLIILALVILSYFFPELIINLFGAGSSHETKILAKKLLLITSPSIYFIFLWAISYSILNTNNKFFWPALTPSISNITIIIGTFLSTKYGIISPTIGFLIGSILMFFSIIKSIIKHKYYFTIKHFPHFLKLFFPTFMTMVVSQINTVVDMNVVSFYDKGSISYLQYASRFYLLPYGLFAVSVSTVVLSKISNDRKNFNYHLNDALKTTLFFTIPSMVGLIFLSTPIIRFFYEHGAFTSKDTLITSKILIAYTLGLPFYGIYSTISRSYHAIKNTKTPFIAATIVSLSNIILDIIFGLKYGPIGVALATSIAGIIGVLYLLFSVKTFPIKDFLKISLNSLIMLFVIYLTDFTDNEFWFLIQILIGILVYLIFSSIFYRDLIRRFLYARKK
ptsG,FWQKFGKALLVVVAVMPAAGLMISIGKLIGMSAGDINAVHTIARVMEDIGWAIITNLHILFAVAIGGSWAKDRAGGAFAALLAFVLTNRITGAIFGVNAEMLADSKAKVSSVLAGDLIVKDYFTSVLGAPALNMGVFVGIITGFLGATLYNKYYNYNKLPQALAFFNGKRFVPFVVIVWSTVTAIVLSLLWPFIQSGLNEFGRWIAASKDSAPIVAPFVYGTLERLLLPFGLHHMLTIPMNYTELGGTYTMLTGSKVGQVVAGQDPLWLAWITDLNNLLANGDTKAYNDLLNNVVPARFKAGQVIGSTAALMGIAFAMFRNVDKEKRAKYKPMFLSAALAVFLTGVTEPIEFMFMFIAPVLYVVYAITTGLAFALADLINLRVHAFGFIELITRTPMMVNAGLTRDLINFVIVSLVFFGLNFTLFNFLIKKFNLPTPGRAGNY
slc39,LRIETQLLLGRLLTRSGDQAWDFVVPFALLVIFPGKLQVAAFYYLIVKIGTFLLTPSSGKWIDTHPRIQVVKWGVWLQFFAILAGMVFFGMLDGLVRAGGRESWLLSVLFIALALSGVMASLGSQITDISVGNDLAPSLVAPEKLTHFNSWLRRIDLATEVGAPILAGALFAFHPEQLPLAGLFLIGLWNLVSFVPEYFLLRNVIQRSGLKIKVLTEAQSWKDTFHINLRGSFSDPIFWLILSYALLWLSVLSPHGVLLAAYLKDEMRLPETEIGLFRGLGAVFGLISTVSFPYLVRRLGLISSSRWHLGFQGVTLGIAVTAFAMGSTASVYVFLGCILLSRVGLYGFSNGEFELRQRLIPEGRRGELNSLSSLTTTSATLILFSAGSLLPQTEDFKYLVYVSLAAVLLANVVFIKWSSR
wlaB_out,MVKKLFFILSKEDKNFLFFLLVFSVFVSFIETFAISLVMPFITLASDFSYFDRNKYLISLKEYLNIPVFEIIVYFGVGLIVFYVFRALLNAYYFHLLARFSKGRKHAIAYKVFSKFLNINYEKFTQKNQSEILKSITGEVYNLSTMISSFLLLMSEIFVVLLLYALMLLINYKITLFLSIFMVLNAFILVKILSPIIKKAGLRREEAMKNFFEILNTNLNNFKFIKLKTKEDGVLSLFKAQSEAFSKANITNESVAAVPRIYLEGIGFCVLVFIVVFLVLKNESDISGILSTISIFVLALYRLMPSANRIITSYHDLLYYHSSLNIIYQNLRQEEENAAEGKLSFNQELKICNLSFGYEGKKYLFKNLNLNIKKGEKIAFIGESGCGKSTLVDLIIGLLKPKEGQILIDKQELNASNAKNYRQKIGYIPQNIYLFNDSIAKNITFGDAVDEEKLNKVIKQANLEHFIKNLPQGVQTKVGDGGSNLSGGQKQRIAIARALYLEPEILVLDQATSALDTQSEAKIMDEIYKISKDKTMIIIAHRLSTITQCDKVYRLEHGKLKEEK
TM_0287v2,PTATLRRLLGYLRPHTFTLIMVFVFVTVSSILGVLSPYLIGKTIAVVFVPRRFDLLPRYMLILGTIYALTSLLFWLQGKIMLTLSQDVVFRLRKELFEKLQRVPVGFFDRTPHGDIISRVINDVDNINNVLGNSIIQFFSGIVTLAGAVIMMFRVNVILSLVTLSIVPLTVLITQIVSSQTRKYFYENQRVLGQLNGIIEEDISGLTVIKLFTREEKEMEKFDRVNESLRKVGTKAQIFSGVLPPLMNMVNNLGFALISGFGGWLALKDIITVGTIATFIGYSRQFTRPLNELSNQFNMIQMALASAERIFEILDLEEEKDDPDAVELREVRGEIEFKNVWFSYDKKKPVLKDITFHIKPGQKVALVGPTGSGKTTIVNLLMRFYDVDRGQILVDGIDIRKIKRSSLRSSIGIVLQDTILFSTTVKENLKYGNPGATDEEIKEAAKLTHSDHFIKHLPEGYETVLTDNGEDLSQGQRQLLAITRAFLANPKILILDAATSNVDTKTEKSIQAAMWKLMEGKTSIIIAHRLNTIKNADLIIVLRDGEIVEMGKHDELIQKRGFYYELFTSQY
